uid,sid,count
445,171,1
868,177,1
356,1062,1
1317,718,1
1084,524,1
135,756,1
726,394,1
255,352,1
1160,1070,1
1157,379,1
562,574,1
854,844,1
1351,802,1
787,20,1
1070,1196,1
1049,158,1
1189,64,1
157,754,1
1130,324,1
874,1168,1
1513,1117,1
1428,212,1
345,770,1
274,999,1
406,894,1
1418,941,1
1154,87,1
1118,854,1
838,1122,1
1335,242,1
283,396,1
325,794,1
784,749,1
1198,98,1
1297,626,1
1282,567,1
936,907,1
731,997,1
1357,826,1
54,375,1
1026,694,1
150,447,1
543,1070,1
569,814,1
230,958,1
1298,635,1
354,869,1
504,810,1
223,275,1
364,383,1
289,215,1
789,479,1
1412,221,1
429,51,1
203,441,1
873,443,1
1456,1025,1
504,806,1
154,680,1
766,705,1
651,530,1
422,435,1
117,575,1
354,1134,1
662,155,1
670,1074,1
479,499,1
1188,44,1
34,245,1
1485,715,1
1216,211,1
139,768,1
178,655,1
282,1056,1
983,885,1
395,688,1
447,690,1
1090,1184,1
72,463,1
237,251,1
1159,737,1
1447,342,1
310,979,1
363,270,1
998,171,1
543,340,1
956,46,1
520,1174,1
127,557,1
232,970,1
132,733,1
274,411,1
1501,144,1
111,639,1
320,696,1
494,1085,1
1398,302,1
332,1108,1
396,1048,1
190,892,1
908,753,1
95,585,1
1197,90,1
41,292,1
948,433,1
761,883,1
873,741,1
956,122,1
65,448,1
1459,1033,1
100,456,1
1287,591,1
34,235,1
119,413,1
838,56,1
122,457,1
1029,699,1
75,490,1
159,218,1
1286,588,1
1392,894,1
1235,334,1
1226,279,1
940,828,1
378,558,1
134,753,1
109,580,1
404,337,1
1183,16,1
109,627,1
1227,221,1
413,293,1
600,908,1
125,46,1
658,644,1
1268,509,1
207,240,1
819,546,1
34,238,1
198,908,1
86,66,1
1318,719,1
172,653,1
62,430,1
924,818,1
732,924,1
981,1016,1
857,1005,1
34,237,1
411,856,1
27,196,1
302,154,1
923,598,1
625,1080,1
528,961,1
19,126,1
438,962,1
1068,1054,1
641,811,1
1499,1089,1
885,371,1
422,1126,1
1044,1,1
1099,733,1
1284,583,1
1348,790,1
1471,127,1
713,48,1
757,1076,1
1466,1044,1
540,1162,1
276,443,1
820,594,1
934,48,1
23,112,1
580,1179,1
159,820,1
725,783,1
1096,915,1
56,383,1
520,707,1
651,129,1
1388,882,1
48,333,1
892,936,1
771,474,1
95,584,1
376,1130,1
1017,818,1
131,732,1
476,923,1
994,1004,1
1313,706,1
30,210,1
1176,448,1
423,163,1
1272,525,1
521,1111,1
309,475,1
942,468,1
417,188,1
369,634,1
396,688,1
197,217,1
785,643,1
669,1017,1
1222,254,1
1085,1185,1
580,964,1
1086,33,1
28,103,1
899,153,1
925,339,1
401,1052,1
908,671,1
391,617,1
205,375,1
1203,129,1
568,259,1
1394,263,1
183,869,1
713,1085,1
399,151,1
183,184,1
1277,549,1
886,934,1
41,294,1
622,1187,1
743,705,1
272,436,1
907,592,1
623,1193,1
425,118,1
77,505,1
242,987,1
1112,762,1
121,697,1
209,76,1
784,974,1
1212,195,1
164,470,1
47,247,1
69,395,1
304,670,1
331,925,1
280,91,1
1310,220,1
1307,669,1
944,498,1
294,1007,1
1016,1071,1
1134,205,1
681,112,1
1177,118,1
71,437,1
340,648,1
68,54,1
71,475,1
788,588,1
1050,1,1
1332,763,1
1077,121,1
673,527,1
695,319,1
344,388,1
109,622,1
367,488,1
502,1035,1
543,1103,1
148,648,1
1184,19,1
1349,93,1
477,1162,1
640,337,1
426,686,1
392,979,1
413,828,1
774,23,1
1265,493,1
1144,1148,1
548,1178,1
33,230,1
50,350,1
23,164,1
750,780,1
141,391,1
219,649,1
170,383,1
1491,1084,1
1215,210,1
964,894,1
391,120,1
335,367,1
162,607,1
1281,564,1
83,527,1
219,68,1
664,182,1
301,867,1
301,677,1
373,1125,1
964,665,1
942,289,1
1279,554,1
279,1050,1
279,645,1
217,272,1
280,255,1
259,388,1
298,241,1
1203,137,1
1219,233,1
153,798,1
363,631,1
1513,1120,1
520,1129,1
440,570,1
1221,242,1
583,35,1
215,388,1
1262,478,1
1045,536,1
484,123,1
210,312,1
695,1185,1
1112,779,1
477,578,1
914,939,1
726,533,1
882,1027,1
962,1190,1
318,373,1
758,336,1
914,767,1
287,128,1
290,923,1
408,899,1
1044,196,1
217,623,1
222,346,1
325,1105,1
491,1088,1
227,0,1
320,365,1
1320,555,1
884,353,1
283,1062,1
1172,545,1
1151,892,1
166,91,1
62,169,1
1048,417,1
741,822,1
282,899,1
868,354,1
884,402,1
1471,1063,1
819,1009,1
258,366,1
112,650,1
1314,549,1
159,36,1
1519,784,1
893,21,1
1283,576,1
319,77,1
942,941,1
774,200,1
86,538,1
822,602,1
887,1131,1
608,737,1
160,804,1
494,175,1
132,344,1
278,962,1
405,543,1
408,499,1
1199,106,1
1226,283,1
774,981,1
1310,693,1
133,744,1
84,535,1
146,782,1
1217,220,1
5,49,1
170,190,1
1391,893,1
26,190,1
838,751,1
69,9,1
160,392,1
21,145,1
61,420,1
910,288,1
952,421,1
508,583,1
1285,586,1
5,50,1
1145,931,1
869,99,1
505,185,1
1040,1200,1
788,927,1
468,411,1
1176,745,1
1063,323,1
1039,823,1
263,49,1
1495,1087,1
1511,1113,1
1264,484,1
1312,700,1
408,61,1
950,192,1
787,853,1
1084,641,1
1280,12,1
674,105,1
159,573,1
1249,406,1
948,1154,1
465,1158,1
58,393,1
633,755,1
1048,393,1
1281,565,1
421,1140,1
333,239,1
325,328,1
132,735,1
1247,397,1
1426,961,1
623,381,1
938,102,1
475,131,1
412,978,1
204,920,1
50,346,1
73,481,1
1230,299,1
206,677,1
1031,537,1
41,134,1
411,893,1
90,556,1
567,714,1
1422,846,1
1451,1013,1
246,183,1
347,70,1
432,1098,1
225,805,1
133,656,1
42,295,1
737,1186,1
322,225,1
1236,104,1
746,179,1
1005,1158,1
1516,1123,1
186,877,1
51,356,1
766,954,1
301,76,1
796,432,1
1218,230,1
189,158,1
1353,811,1
132,465,1
1071,663,1
18,124,1
500,973,1
164,831,1
1161,409,1
345,807,1
1243,381,1
737,1187,1
134,738,1
1434,980,1
208,593,1
519,348,1
360,1003,1
687,992,1
603,1147,1
211,535,1
1198,102,1
395,878,1
1169,1034,1
944,209,1
1126,74,1
364,253,1
223,186,1
1322,735,1
785,1099,1
135,738,1
266,118,1
1131,645,1
350,546,1
983,190,1
698,926,1
822,526,1
391,359,1
317,594,1
393,805,1
259,1019,1
748,109,1
1168,1089,1
29,208,1
1202,121,1
672,477,1
209,300,1
1240,365,1
1073,568,1
1006,957,1
964,176,1
1322,736,1
1238,354,1
95,580,1
520,737,1
1049,857,1
77,52,1
822,678,1
370,634,1
54,161,1
92,569,1
1001,774,1
996,31,1
93,62,1
1366,841,1
1499,625,1
817,1127,1
1084,760,1
315,71,1
996,681,1
1182,8,1
172,500,1
705,848,1
394,418,1
306,837,1
443,822,1
415,826,1
744,1193,1
158,818,1
363,107,1
967,1188,1
1362,833,1
237,628,1
21,151,1
405,60,1
1157,647,1
1154,988,1
1173,829,1
571,770,1
660,1177,1
583,331,1
1471,1062,1
571,9,1
1265,496,1
1089,720,1
1170,683,1
315,736,1
342,618,1
192,614,1
383,1038,1
1060,1037,1
785,444,1
112,216,1
111,81,1
250,93,1
680,540,1
734,973,1
770,1040,1
975,501,1
766,464,1
449,255,1
952,251,1
817,718,1
1227,290,1
768,1045,1
1173,1109,1
261,563,1
74,377,1
1050,1186,1
1267,503,1
432,572,1
800,1115,1
351,387,1
310,116,1
303,128,1
414,482,1
748,967,1
337,328,1
1408,928,1
175,80,1
423,680,1
996,1064,1
216,212,1
894,132,1
168,840,1
712,1184,1
323,642,1
67,291,1
788,1129,1
28,202,1
518,1171,1
124,709,1
942,519,1
176,82,1
1005,1182,1
1280,556,1
395,76,1
30,98,1
173,845,1
574,4,1
156,479,1
405,561,1
78,510,1
170,354,1
1295,615,1
504,829,1
578,1003,1
1221,236,1
629,393,1
107,616,1
133,742,1
47,321,1
169,128,1
373,576,1
1052,1134,1
242,989,1
1517,451,1
418,325,1
967,1186,1
226,217,1
635,565,1
63,434,1
886,650,1
460,116,1
1327,758,1
1357,825,1
329,169,1
739,118,1
627,1063,1
408,13,1
1118,711,1
1481,267,1
1481,221,1
104,156,1
1084,194,1
200,396,1
843,151,1
126,715,1
35,262,1
776,711,1
1113,1057,1
64,440,1
303,181,1
591,109,1
1297,632,1
233,922,1
1294,610,1
1332,765,1
95,303,1
965,29,1
1039,213,1
103,359,1
127,723,1
137,271,1
64,124,1
3,32,1
1267,502,1
75,494,1
1068,1012,1
994,73,1
696,525,1
479,77,1
507,869,1
1438,212,1
269,995,1
739,588,1
974,506,1
1464,550,1
1323,742,1
347,19,1
105,608,1
1157,1162,1
929,45,1
784,111,1
438,534,1
107,235,1
368,359,1
189,462,1
312,560,1
32,220,1
892,1170,1
457,798,1
712,800,1
758,388,1
1048,1152,1
819,846,1
127,34,1
1504,1099,1
199,797,1
1486,416,1
1470,1061,1
658,933,1
543,411,1
1185,33,1
30,99,1
482,707,1
695,1191,1
1112,388,1
581,1050,1
1156,1082,1
675,4,1
167,614,1
1309,682,1
1363,836,1
1485,717,1
476,110,1
322,409,1
1295,617,1
313,741,1
193,902,1
182,256,1
325,1102,1
2,16,1
1015,530,1
858,279,1
344,177,1
942,435,1
118,677,1
1124,543,1
704,732,1
573,1188,1
362,70,1
1264,481,1
1491,211,1
343,656,1
672,339,1
1506,1105,1
23,162,1
677,1133,1
364,262,1
172,55,1
49,337,1
768,323,1
87,213,1
803,630,1
622,1185,1
378,1142,1
1146,858,1
293,472,1
1277,547,1
538,293,1
296,1070,1
1064,509,1
882,533,1
996,924,1
119,687,1
1111,1087,1
412,977,1
225,615,1
956,508,1
782,874,1
1264,488,1
1241,372,1
839,447,1
420,379,1
817,773,1
622,692,1
692,1153,1
141,375,1
239,944,1
349,584,1
729,672,1
502,1034,1
791,473,1
1040,91,1
825,538,1
125,157,1
388,183,1
160,650,1
1238,348,1
167,759,1
783,1181,1
166,9,1
707,35,1
1343,262,1
492,1165,1
81,405,1
838,792,1
109,625,1
258,655,1
544,322,1
2,23,1
1208,171,1
571,87,1
34,195,1
280,737,1
754,1181,1
254,237,1
1183,15,1
935,855,1
19,140,1
399,134,1
504,980,1
1139,1027,1
322,1100,1
839,653,1
189,891,1
193,900,1
453,408,1
510,765,1
1254,443,1
1063,1115,1
1392,896,1
606,472,1
1319,727,1
53,370,1
481,585,1
469,665,1
363,166,1
1330,762,1
1234,312,1
1172,633,1
264,739,1
11,53,1
738,470,1
713,158,1
457,118,1
547,964,1
1396,106,1
939,976,1
111,636,1
1431,153,1
346,188,1
451,282,1
803,408,1
607,737,1
155,654,1
1227,292,1
514,1130,1
922,953,1
1203,124,1
1218,227,1
784,1010,1
539,1179,1
502,1036,1
939,21,1
792,1180,1
199,652,1
320,689,1
716,865,1
896,894,1
1203,135,1
378,162,1
232,966,1
1352,807,1
141,171,1
1178,463,1
1273,534,1
1450,1008,1
102,601,1
430,262,1
1131,957,1
742,541,1
423,807,1
127,543,1
52,17,1
898,1193,1
183,455,1
195,497,1
1488,1079,1
384,1071,1
154,803,1
447,1156,1
1354,817,1
90,557,1
221,458,1
297,1072,1
1062,150,1
745,991,1
1185,35,1
1125,445,1
171,482,1
460,886,1
548,109,1
564,511,1
408,1132,1
111,642,1
1402,921,1
568,914,1
1172,443,1
1061,868,1
677,655,1
1056,1008,1
460,453,1
254,1010,1
1012,1064,1
744,1163,1
1026,445,1
825,486,1
1010,949,1
1398,914,1
1265,489,1
932,889,1
1303,656,1
136,525,1
268,351,1
106,612,1
1246,240,1
662,1082,1
82,519,1
1446,999,1
1210,176,1
418,107,1
811,1098,1
772,947,1
666,294,1
34,103,1
892,530,1
1381,144,1
1028,858,1
222,186,1
1056,45,1
137,523,1
725,434,1
379,679,1
809,986,1
923,774,1
214,660,1
1010,510,1
223,635,1
1266,500,1
1187,42,1
1407,926,1
330,641,1
1193,78,1
1075,1178,1
13,101,1
1170,548,1
359,864,1
526,711,1
553,1017,1
1113,417,1
1034,1,1
1474,269,1
459,29,1
975,739,1
201,915,1
308,246,1
706,711,1
274,689,1
758,804,1
1458,144,1
78,509,1
294,653,1
1003,615,1
713,668,1
110,364,1
901,43,1
371,289,1
1191,73,1
860,1060,1
689,1101,1
79,373,1
233,375,1
780,1010,1
1218,225,1
504,640,1
1460,796,1
529,33,1
498,293,1
344,125,1
86,80,1
562,285,1
41,290,1
864,474,1
615,252,1
19,59,1
1270,513,1
246,994,1
288,542,1
1212,190,1
80,349,1
1477,1066,1
1095,1041,1
882,1015,1
697,286,1
1444,995,1
298,638,1
704,348,1
103,602,1
455,508,1
1124,351,1
463,376,1
268,143,1
1225,275,1
51,355,1
250,253,1
65,447,1
696,135,1
801,105,1
785,1031,1
445,878,1
693,262,1
1334,341,1
571,218,1
152,797,1
1516,484,1
368,362,1
29,206,1
544,884,1
137,31,1
111,645,1
104,605,1
1254,444,1
230,957,1
228,696,1
167,839,1
838,87,1
331,626,1
200,912,1
1028,1112,1
919,1171,1
631,673,1
1140,1038,1
1013,548,1
747,508,1
280,447,1
192,721,1
845,106,1
841,755,1
408,1143,1
61,263,1
222,938,1
860,96,1
1105,1042,1
622,1189,1
1298,634,1
959,1044,1
373,830,1
248,996,1
220,679,1
1438,670,1
1323,745,1
22,153,1
309,812,1
562,739,1
601,209,1
1186,41,1
121,699,1
242,373,1
90,553,1
1226,287,1
1160,1178,1
1184,23,1
453,982,1
1248,399,1
237,937,1
19,142,1
109,76,1
1218,229,1
1170,169,1
1193,77,1
1177,300,1
1238,352,1
911,23,1
644,435,1
302,1078,1
760,409,1
304,166,1
395,999,1
477,520,1
791,553,1
1144,948,1
1154,993,1
1095,445,1
1173,885,1
322,1102,1
217,199,1
1350,800,1
125,468,1
626,32,1
403,182,1
289,574,1
632,1166,1
439,124,1
65,446,1
144,448,1
222,545,1
809,133,1
639,1029,1
391,901,1
610,1176,1
1056,276,1
241,407,1
395,1050,1
1285,584,1
1213,197,1
1162,802,1
1389,884,1
600,454,1
434,603,1
172,110,1
460,701,1
141,165,1
269,1032,1
308,299,1
1161,946,1
682,544,1
109,303,1
798,510,1
201,916,1
1410,930,1
1222,249,1
242,991,1
175,112,1
146,356,1
45,310,1
582,945,1
1378,862,1
60,402,1
1511,1112,1
1112,1024,1
728,276,1
220,672,1
1050,1190,1
896,543,1
385,698,1
782,714,1
1134,763,1
60,408,1
1157,807,1
1386,878,1
453,981,1
434,747,1
34,252,1
412,160,1
1031,67,1
1169,292,1
1043,778,1
1157,591,1
1147,1019,1
1029,1095,1
116,236,1
627,328,1
1439,991,1
1358,555,1
197,496,1
1028,1061,1
156,812,1
680,1181,1
1101,72,1
574,794,1
405,251,1
321,689,1
981,315,1
306,78,1
120,690,1
1403,101,1
1324,752,1
1045,1140,1
392,701,1
248,688,1
416,957,1
238,275,1
651,1080,1
302,1004,1
69,466,1
1203,140,1
783,98,1
280,640,1
455,165,1
353,878,1
223,941,1
1084,439,1
692,488,1
1068,910,1
287,637,1
3,30,1
141,712,1
1195,85,1
1429,976,1
96,588,1
466,686,1
607,656,1
566,952,1
835,818,1
325,403,1
149,670,1
1185,39,1
1104,795,1
1115,387,1
863,611,1
137,632,1
129,730,1
440,128,1
837,98,1
130,731,1
225,535,1
1319,722,1
137,531,1
1203,125,1
147,275,1
877,377,1
20,144,1
232,972,1
321,1097,1
1074,698,1
1200,111,1
936,560,1
669,567,1
1160,1099,1
1002,903,1
904,1197,1
332,918,1
351,1130,1
1067,728,1
61,334,1
713,288,1
98,591,1
84,534,1
3,37,1
180,862,1
1034,1198,1
26,183,1
354,899,1
499,289,1
330,468,1
391,399,1
1096,848,1
173,847,1
82,520,1
1305,663,1
395,973,1
1093,47,1
658,918,1
1178,1090,1
70,343,1
922,1194,1
1172,1109,1
875,153,1
896,609,1
4,40,1
3,39,1
331,316,1
1105,264,1
35,260,1
1056,606,1
363,506,1
1351,801,1
1084,903,1
214,931,1
433,492,1
1348,791,1
1123,1143,1
380,59,1
178,94,1
695,380,1
422,68,1
1395,906,1
791,349,1
256,156,1
34,239,1
1211,185,1
304,303,1
701,1011,1
264,112,1
61,325,1
1178,655,1
1282,571,1
825,806,1
1313,39,1
1001,748,1
241,852,1
405,742,1
68,237,1
1064,904,1
427,156,1
1503,1094,1
304,373,1
236,237,1
1375,850,1
1049,793,1
781,340,1
1300,642,1
990,950,1
325,151,1
505,979,1
430,669,1
1312,72,1
179,857,1
1251,419,1
86,347,1
1117,740,1
280,326,1
408,26,1
1170,768,1
125,28,1
592,440,1
1088,1183,1
114,382,1
227,954,1
607,548,1
168,722,1
365,650,1
303,334,1
1316,711,1
316,490,1
153,413,1
118,679,1
1443,994,1
1260,468,1
534,82,1
1317,311,1
994,468,1
472,1161,1
586,12,1
519,1173,1
1271,519,1
1031,454,1
52,367,1
7,74,1
1227,289,1
943,827,1
61,415,1
828,1166,1
1144,1156,1
322,794,1
204,728,1
1309,269,1
464,85,1
924,333,1
1037,1077,1
339,285,1
682,111,1
671,824,1
619,262,1
988,725,1
446,732,1
591,964,1
115,662,1
117,676,1
1030,447,1
323,614,1
1244,384,1
13,104,1
384,367,1
1438,984,1
805,196,1
1099,387,1
53,369,1
246,457,1
83,526,1
35,258,1
892,1118,1
1123,1111,1
1452,1015,1
11,90,1
1398,913,1
212,531,1
1250,410,1
13,103,1
31,217,1
195,893,1
521,1176,1
217,40,1
683,1001,1
1241,371,1
551,991,1
594,195,1
1362,834,1
215,617,1
320,1095,1
281,578,1
921,331,1
6,71,1
227,910,1
1277,548,1
1469,1053,1
822,519,1
868,722,1
1147,1081,1
232,393,1
445,1072,1
441,464,1
223,942,1
958,89,1
82,351,1
925,1148,1
594,315,1
392,624,1
883,73,1
445,587,1
856,893,1
822,523,1
835,84,1
1324,751,1
981,740,1
1200,110,1
408,59,1
1147,1063,1
295,661,1
1028,325,1
95,163,1
1252,433,1
534,1059,1
433,490,1
704,198,1
842,958,1
230,528,1
413,159,1
607,1098,1
113,655,1
161,827,1
1096,225,1
901,789,1
1193,79,1
712,741,1
34,247,1
1315,452,1
756,951,1
1045,1170,1
178,833,1
491,487,1
1162,263,1
1238,351,1
338,1118,1
1337,776,1
1458,3,1
68,370,1
1234,321,1
214,929,1
619,128,1
634,1197,1
212,589,1
1267,508,1
461,274,1
195,502,1
1505,1103,1
247,160,1
548,395,1
180,435,1
480,1104,1
1426,971,1
562,93,1
331,118,1
364,190,1
987,11,1
293,285,1
990,348,1
613,863,1
1062,353,1
1117,377,1
521,774,1
727,1199,1
34,250,1
658,946,1
1467,1045,1
759,89,1
1366,840,1
615,1160,1
1189,47,1
1302,651,1
1415,267,1
1234,313,1
922,1099,1
205,922,1
188,882,1
943,45,1
481,673,1
1046,1049,1
1084,573,1
555,813,1
1044,810,1
822,837,1
994,97,1
1251,423,1
54,376,1
509,392,1
515,1166,1
1041,1174,1
117,614,1
1198,100,1
1261,475,1
682,177,1
975,379,1
289,453,1
537,375,1
769,436,1
1426,213,1
816,1139,1
1063,440,1
1435,982,1
984,991,1
387,146,1
330,640,1
706,1188,1
1206,153,1
494,1120,1
346,315,1
22,157,1
1201,120,1
244,473,1
253,788,1
507,1092,1
1407,753,1
1211,183,1
418,1098,1
408,541,1
917,78,1
236,509,1
957,417,1
464,183,1
914,804,1
1041,66,1
935,261,1
739,660,1
515,425,1
1213,198,1
320,983,1
1394,262,1
85,541,1
865,348,1
1114,34,1
445,256,1
257,274,1
1181,5,1
265,197,1
377,235,1
103,305,1
338,151,1
1264,487,1
127,44,1
479,163,1
1147,413,1
1313,705,1
311,448,1
235,467,1
757,1174,1
1250,413,1
81,518,1
1275,541,1
1441,777,1
25,178,1
33,228,1
881,615,1
332,801,1
710,293,1
809,623,1
192,251,1
387,217,1
479,886,1
830,49,1
762,1152,1
61,417,1
1160,697,1
942,186,1
508,499,1
188,883,1
1285,585,1
619,776,1
1313,44,1
553,593,1
1508,244,1
638,763,1
346,205,1
269,236,1
942,590,1
279,765,1
628,1088,1
131,564,1
990,1176,1
153,799,1
1355,314,1
938,195,1
239,375,1
995,513,1
1071,27,1
1070,4,1
304,1014,1
310,76,1
125,703,1
238,133,1
822,468,1
1517,75,1
125,184,1
154,805,1
1365,75,1
1130,1070,1
1323,572,1
914,614,1
525,978,1
526,812,1
297,1071,1
92,568,1
731,33,1
805,903,1
962,1200,1
788,11,1
358,695,1
508,578,1
774,997,1
258,1012,1
882,513,1
686,1183,1
884,816,1
1102,196,1
489,469,1
1172,399,1
635,657,1
207,759,1
1146,228,1
337,324,1
1266,497,1
1271,517,1
156,682,1
1167,553,1
1034,1190,1
1308,680,1
1003,608,1
977,672,1
134,751,1
1034,1187,1
117,392,1
1225,277,1
1084,133,1
803,935,1
521,984,1
407,258,1
505,118,1
505,358,1
1156,599,1
371,363,1
167,838,1
1248,401,1
567,1145,1
183,620,1
453,695,1
1261,470,1
217,291,1
199,55,1
732,1043,1
1309,687,1
819,1073,1
1060,827,1
730,894,1
183,352,1
994,100,1
71,472,1
122,703,1
692,561,1
313,288,1
720,1012,1
51,362,1
363,122,1
23,165,1
931,79,1
250,291,1
1159,960,1
1321,372,1
899,821,1
223,940,1
666,809,1
255,900,1
13,102,1
1157,747,1
482,348,1
457,945,1
677,172,1
1251,424,1
1207,167,1
233,889,1
1501,145,1
360,1136,1
1177,304,1
732,357,1
1240,367,1
1280,558,1
1300,644,1
658,1049,1
696,138,1
380,554,1
99,594,1
1226,278,1
751,1183,1
199,457,1
313,807,1
305,20,1
144,192,1
112,651,1
167,422,1
953,760,1
54,372,1
212,928,1
1292,604,1
1382,870,1
38,279,1
126,718,1
166,833,1
1105,933,1
289,120,1
935,419,1
719,1082,1
208,64,1
785,1152,1
15,112,1
1058,858,1
573,1190,1
320,444,1
471,551,1
914,783,1
773,29,1
391,358,1
619,171,1
1096,961,1
1499,104,1
34,241,1
1197,89,1
303,67,1
1262,477,1
1051,1136,1
1295,614,1
1323,740,1
50,349,1
722,951,1
153,801,1
873,832,1
71,473,1
796,899,1
317,1089,1
1144,328,1
133,747,1
337,1113,1
1184,26,1
1084,313,1
454,1134,1
259,943,1
993,767,1
311,1086,1
839,1015,1
889,74,1
1195,83,1
283,1041,1
72,477,1
780,313,1
34,248,1
386,579,1
1080,913,1
77,63,1
1406,488,1
103,603,1
1178,1096,1
67,390,1
1093,375,1
947,1172,1
259,477,1
864,664,1
1307,672,1
371,675,1
1322,737,1
1460,1034,1
5,54,1
38,271,1
554,300,1
804,260,1
799,921,1
969,485,1
1077,679,1
548,1165,1
117,668,1
1300,641,1
1278,551,1
332,714,1
193,483,1
504,738,1
1065,1167,1
199,909,1
267,815,1
1487,717,1
336,983,1
1409,269,1
1118,251,1
1083,409,1
180,803,1
280,325,1
408,526,1
345,470,1
1492,1029,1
92,272,1
1228,294,1
1161,1182,1
297,898,1
277,1044,1
177,495,1
1264,483,1
153,530,1
812,273,1
62,240,1
571,1177,1
562,1066,1
217,580,1
463,507,1
315,891,1
1043,188,1
838,626,1
45,316,1
678,1186,1
1013,940,1
162,397,1
890,945,1
1056,1153,1
407,901,1
961,1141,1
1275,543,1
735,655,1
53,223,1
12,92,1
316,494,1
1221,245,1
238,482,1
258,858,1
765,131,1
1161,730,1
1048,948,1
225,947,1
437,6,1
1346,788,1
159,671,1
309,62,1
677,635,1
240,365,1
851,591,1
1212,196,1
1181,6,1
34,162,1
1259,457,1
805,778,1
1141,458,1
1246,242,1
520,447,1
1056,714,1
512,901,1
579,881,1
1082,196,1
341,824,1
46,318,1
131,162,1
591,970,1
294,568,1
1165,808,1
120,693,1
1388,881,1
42,297,1
8,76,1
1210,175,1
464,290,1
1068,913,1
23,168,1
280,1052,1
382,332,1
1071,849,1
896,90,1
964,1159,1
503,4,1
301,177,1
562,1068,1
426,202,1
1030,668,1
509,443,1
1163,1102,1
892,636,1
1159,323,1
28,203,1
1141,1044,1
1266,501,1
1131,409,1
49,336,1
1376,853,1
700,129,1
5,66,1
193,299,1
1246,75,1
1222,256,1
494,887,1
1430,238,1
227,86,1
625,715,1
247,995,1
938,210,1
99,596,1
927,1195,1
55,194,1
1082,35,1
701,1013,1
1323,746,1
1142,614,1
131,581,1
234,293,1
508,748,1
396,1050,1
671,525,1
80,513,1
534,1095,1
235,643,1
721,802,1
155,658,1
223,199,1
1172,276,1
839,224,1
395,233,1
1296,619,1
167,293,1
1251,420,1
1148,1046,1
581,441,1
1480,1071,1
701,438,1
961,627,1
88,405,1
1070,1189,1
1194,3,1
10,86,1
29,207,1
1275,540,1
835,845,1
63,360,1
1048,1052,1
5,60,1
935,264,1
694,1140,1
956,475,1
246,244,1
821,35,1
780,778,1
133,611,1
135,535,1
1263,474,1
264,862,1
1030,1055,1
50,345,1
242,537,1
847,1142,1
977,718,1
487,1166,1
429,65,1
172,786,1
641,87,1
907,321,1
737,692,1
35,255,1
200,369,1
1114,37,1
423,1146,1
1402,922,1
814,823,1
1025,1154,1
311,189,1
1456,1027,1
997,827,1
952,679,1
952,668,1
35,257,1
998,140,1
15,113,1
322,872,1
729,1068,1
1357,327,1
1012,836,1
144,780,1
1245,392,1
1045,112,1
230,959,1
403,883,1
1101,215,1
146,783,1
408,1135,1
85,542,1
766,1096,1
1171,170,1
452,935,1
621,434,1
440,798,1
353,38,1
998,206,1
802,927,1
289,354,1
1173,1151,1
280,585,1
361,4,1
397,1132,1
927,1199,1
238,523,1
1173,1030,1
890,353,1
1428,517,1
33,231,1
829,1119,1
247,351,1
836,1105,1
1016,706,1
607,322,1
877,194,1
934,73,1
1160,655,1
1252,427,1
707,1163,1
486,509,1
652,114,1
1101,128,1
118,206,1
424,887,1
121,507,1
551,486,1
373,1141,1
622,380,1
35,189,1
1210,178,1
127,720,1
111,435,1
1084,1153,1
1255,450,1
365,547,1
1055,1024,1
1470,1059,1
817,434,1
591,393,1
61,411,1
249,375,1
363,375,1
168,426,1
117,616,1
74,486,1
1167,72,1
639,811,1
396,912,1
1096,1086,1
117,556,1
346,56,1
91,217,1
1442,3,1
1060,1063,1
1294,611,1
419,1065,1
474,318,1
854,885,1
894,646,1
67,455,1
479,117,1
248,878,1
628,208,1
43,301,1
84,533,1
1146,737,1
998,1192,1
350,545,1
332,93,1
880,1110,1
905,999,1
339,1120,1
89,552,1
1459,1032,1
265,634,1
712,535,1
1031,605,1
68,456,1
371,629,1
1257,455,1
872,61,1
35,263,1
1135,883,1
149,635,1
301,334,1
23,50,1
1421,953,1
993,1020,1
253,665,1
164,170,1
521,231,1
435,685,1
629,109,1
900,1032,1
338,172,1
117,501,1
186,713,1
695,1190,1
223,944,1
141,777,1
266,565,1
260,352,1
381,938,1
402,460,1
916,919,1
872,442,1
293,850,1
475,805,1
41,274,1
450,141,1
399,911,1
1238,349,1
1050,409,1
1282,575,1
34,243,1
561,278,1
1074,1140,1
1371,550,1
1277,384,1
882,27,1
1299,638,1
48,330,1
712,274,1
1192,75,1
804,745,1
457,20,1
231,960,1
1245,391,1
121,695,1
814,569,1
237,303,1
882,121,1
468,232,1
125,373,1
665,963,1
965,387,1
242,135,1
1276,545,1
523,600,1
160,587,1
261,561,1
962,827,1
1460,1035,1
629,968,1
231,775,1
363,525,1
385,1144,1
1244,221,1
368,585,1
1374,849,1
935,418,1
1494,104,1
1224,269,1
1140,1145,1
538,525,1
817,842,1
698,620,1
26,185,1
753,1144,1
1019,1137,1
209,161,1
1378,861,1
50,342,1
41,289,1
117,669,1
913,1199,1
809,334,1
59,400,1
582,15,1
1011,353,1
1176,567,1
210,118,1
1379,255,1
423,1019,1
1433,979,1
440,665,1
1347,785,1
1499,106,1
358,812,1
1207,168,1
1426,965,1
1198,103,1
408,584,1
219,847,1
1211,186,1
934,882,1
1421,955,1
395,698,1
1231,305,1
323,610,1
215,905,1
139,765,1
712,1195,1
1147,1117,1
1104,645,1
301,1018,1
1063,34,1
1154,807,1
308,49,1
672,368,1
818,815,1
55,377,1
44,306,1
1105,1050,1
890,1128,1
505,732,1
1389,885,1
86,488,1
287,125,1
958,545,1
1106,921,1
1418,944,1
596,488,1
1045,637,1
206,886,1
515,322,1
23,163,1
275,379,1
964,1078,1
254,309,1
1300,643,1
716,552,1
198,791,1
199,700,1
710,363,1
156,811,1
183,736,1
281,576,1
743,249,1
1174,951,1
1043,303,1
404,725,1
1200,112,1
435,70,1
1026,655,1
934,40,1
199,646,1
203,686,1
92,343,1
217,642,1
234,922,1
716,232,1
351,659,1
562,881,1
67,361,1
1132,388,1
398,335,1
1297,624,1
253,893,1
149,739,1
85,543,1
1084,985,1
1484,1077,1
1426,970,1
193,890,1
77,503,1
239,151,1
133,745,1
37,268,1
413,880,1
958,45,1
1014,226,1
933,1176,1
469,1142,1
51,357,1
795,964,1
630,1183,1
417,1149,1
350,841,1
504,339,1
817,170,1
481,294,1
775,682,1
1389,888,1
791,118,1
368,358,1
1195,84,1
67,289,1
315,668,1
1026,1055,1
1372,3,1
964,105,1
332,256,1
1283,577,1
1099,458,1
1341,781,1
1226,286,1
337,1041,1
513,948,1
1297,625,1
332,894,1
66,451,1
574,1191,1
7,73,1
664,1169,1
45,137,1
217,119,1
188,435,1
959,381,1
1297,631,1
927,284,1
649,440,1
373,155,1
1312,704,1
348,656,1
1205,152,1
1167,215,1
193,772,1
970,554,1
136,724,1
462,1152,1
313,667,1
942,777,1
998,305,1
234,432,1
470,1024,1
193,482,1
835,312,1
1408,82,1
683,610,1
1333,766,1
346,778,1
100,86,1
1294,612,1
308,894,1
1226,284,1
270,77,1
1193,76,1
831,195,1
1031,1026,1
368,181,1
105,607,1
143,523,1
125,710,1
636,1087,1
404,605,1
145,382,1
785,509,1
305,14,1
1009,1035,1
326,846,1
938,1077,1
1028,1053,1
256,900,1
552,728,1
885,871,1
314,1025,1
196,502,1
426,877,1
1252,429,1
376,631,1
193,361,1
199,465,1
127,662,1
243,661,1
164,245,1
27,197,1
921,1178,1
469,179,1
594,463,1
534,801,1
725,1192,1
696,36,1
635,245,1
942,1184,1
5,62,1
364,87,1
487,984,1
1259,465,1
200,864,1
1204,143,1
1090,960,1
582,295,1
1091,1161,1
42,298,1
1316,505,1
126,717,1
1255,447,1
1084,778,1
430,777,1
266,287,1
1124,196,1
160,825,1
391,1025,1
329,50,1
192,133,1
361,1041,1
696,743,1
330,418,1
1518,1125,1
33,227,1
246,195,1
413,467,1
870,526,1
1239,358,1
240,15,1
282,257,1
824,1162,1
1104,1051,1
521,947,1
1084,821,1
224,749,1
1053,292,1
846,656,1
301,622,1
49,189,1
445,585,1
1259,460,1
677,438,1
350,289,1
834,388,1
7,75,1
447,1061,1
1267,507,1
731,446,1
30,97,1
1089,592,1
297,96,1
551,658,1
232,7,1
1129,304,1
436,630,1
873,1170,1
101,175,1
1277,281,1
238,980,1
13,99,1
1189,53,1
345,585,1
21,149,1
293,123,1
371,137,1
1173,337,1
134,170,1
226,949,1
648,284,1
135,626,1
763,879,1
334,1110,1
1125,4,1
382,1086,1
759,610,1
937,190,1
39,282,1
140,404,1
52,16,1
1101,49,1
56,386,1
785,16,1
289,467,1
160,823,1
346,251,1
348,468,1
392,118,1
515,125,1
186,879,1
38,273,1
873,335,1
1481,320,1
127,724,1
107,497,1
975,766,1
1211,180,1
391,1129,1
1498,277,1
880,772,1
896,425,1
582,981,1
140,773,1
1170,34,1
1390,892,1
1139,237,1
282,225,1
912,972,1
100,599,1
1309,683,1
337,1114,1
1048,231,1
1003,982,1
85,309,1
758,726,1
958,820,1
771,1086,1
1154,1018,1
553,926,1
321,963,1
282,1050,1
1368,843,1
67,453,1
330,509,1
1417,938,1
691,655,1
159,163,1
192,435,1
384,858,1
1217,218,1
353,1059,1
226,374,1
660,1183,1
494,285,1
222,936,1
101,295,1
38,34,1
222,143,1
591,971,1
1235,333,1
1046,1112,1
925,1020,1
1261,476,1
321,1096,1
38,275,1
185,426,1
279,801,1
212,759,1
934,504,1
962,1039,1
447,1132,1
923,742,1
140,293,1
192,111,1
1470,211,1
376,975,1
1085,1190,1
1306,664,1
739,384,1
967,1185,1
328,545,1
719,288,1
99,593,1
420,1150,1
1297,627,1
326,9,1
796,1059,1
1125,551,1
1043,580,1
388,654,1
1351,715,1
1451,1012,1
465,601,1
1224,268,1
719,112,1
260,849,1
235,835,1
28,200,1
701,7,1
761,317,1
499,683,1
303,1033,1
1353,813,1
1359,828,1
548,1180,1
389,1116,1
399,465,1
32,218,1
249,110,1
568,1052,1
111,643,1
142,289,1
702,679,1
294,654,1
1349,796,1
975,840,1
313,989,1
187,626,1
412,412,1
50,335,1
1482,1075,1
1463,239,1
281,438,1
237,940,1
232,965,1
54,162,1
41,291,1
677,974,1
548,951,1
1237,345,1
237,977,1
822,44,1
1136,1173,1
1142,374,1
19,130,1
19,143,1
338,1116,1
343,787,1
259,565,1
998,771,1
748,328,1
59,401,1
1267,504,1
5,58,1
98,592,1
1096,946,1
527,1063,1
700,1012,1
28,201,1
303,889,1
1242,375,1
1377,856,1
582,1108,1
416,693,1
988,428,1
45,309,1
74,485,1
715,543,1
468,1072,1
476,993,1
3,27,1
1093,110,1
23,170,1
1315,710,1
298,28,1
346,316,1
242,637,1
1150,1164,1
1485,311,1
758,672,1
392,199,1
453,1048,1
693,13,1
1343,42,1
1056,617,1
390,142,1
143,28,1
1217,221,1
1070,1190,1
1048,227,1
1454,1024,1
1211,184,1
283,1063,1
216,663,1
18,123,1
1309,681,1
1221,237,1
729,503,1
906,332,1
132,677,1
95,188,1
105,153,1
860,339,1
1070,380,1
258,1011,1
572,1011,1
31,9,1
52,368,1
1121,724,1
445,48,1
1033,1138,1
1259,464,1
382,994,1
338,1117,1
513,1105,1
78,201,1
405,776,1
167,836,1
479,1026,1
949,409,1
287,679,1
938,208,1
971,338,1
60,403,1
281,326,1
741,438,1
783,429,1
811,434,1
1038,857,1
416,69,1
741,57,1
983,584,1
449,196,1
309,118,1
1055,1106,1
549,1077,1
766,691,1
106,552,1
208,595,1
580,469,1
139,297,1
396,265,1
257,655,1
860,375,1
478,188,1
453,919,1
408,479,1
138,761,1
938,97,1
152,27,1
483,897,1
5,59,1
1020,951,1
270,140,1
182,863,1
141,559,1
300,121,1
70,469,1
361,1133,1
98,590,1
499,1009,1
423,875,1
122,702,1
739,8,1
803,938,1
569,481,1
803,217,1
1203,126,1
297,696,1
1240,368,1
665,393,1
158,71,1
1474,1065,1
316,465,1
1203,134,1
1433,977,1
831,304,1
429,33,1
63,438,1
134,749,1
34,236,1
882,56,1
146,784,1
194,903,1
801,141,1
4,48,1
224,255,1
5,51,1
622,1196,1
530,112,1
333,866,1
258,693,1
36,266,1
780,166,1
399,902,1
81,514,1
962,692,1
75,491,1
154,806,1
1172,129,1
131,116,1
785,690,1
1049,539,1
159,569,1
523,409,1
885,1148,1
927,951,1
478,1109,1
1201,118,1
504,984,1
248,999,1
828,1175,1
965,84,1
578,1178,1
1228,293,1
238,138,1
1183,12,1
450,424,1
639,149,1
1510,280,1
1520,5,1
654,506,1
109,184,1
1184,31,1
193,455,1
727,331,1
463,450,1
215,389,1
423,186,1
1243,382,1
45,317,1
263,978,1
85,537,1
1136,844,1
287,844,1
440,622,1
635,821,1
526,673,1
1362,764,1
1133,1043,1
994,628,1
956,811,1
1389,891,1
263,682,1
246,76,1
1028,954,1
188,884,1
538,1178,1
107,459,1
591,967,1
1203,138,1
47,250,1
394,409,1
41,136,1
446,782,1
1047,1089,1
886,112,1
80,237,1
458,794,1
907,1117,1
534,255,1
689,1183,1
1362,832,1
149,722,1
265,513,1
580,1164,1
160,822,1
289,860,1
922,998,1
472,728,1
729,741,1
760,794,1
1130,414,1
240,982,1
1205,149,1
882,343,1
701,62,1
952,170,1
989,331,1
676,754,1
184,871,1
726,82,1
447,1084,1
287,230,1
905,0,1
1034,1189,1
1428,975,1
981,778,1
179,253,1
330,1029,1
344,1124,1
37,270,1
164,750,1
1144,324,1
1426,972,1
766,863,1
988,443,1
967,1187,1
259,29,1
373,136,1
1428,3,1
905,407,1
31,215,1
478,1162,1
988,129,1
302,195,1
551,1022,1
1173,169,1
439,192,1
916,296,1
301,216,1
580,1167,1
35,265,1
2,21,1
237,128,1
795,409,1
932,245,1
873,1153,1
111,638,1
210,140,1
556,193,1
571,379,1
409,499,1
282,694,1
548,466,1
1158,162,1
212,546,1
612,744,1
906,1041,1
293,1068,1
66,322,1
935,627,1
902,794,1
444,218,1
483,1164,1
904,1191,1
1264,482,1
946,1104,1
1253,441,1
1049,285,1
1019,435,1
1057,151,1
748,970,1
1438,987,1
698,724,1
69,460,1
1310,689,1
253,1005,1
631,16,1
1222,251,1
327,77,1
33,224,1
1113,393,1
1185,36,1
1073,1089,1
881,579,1
1112,1067,1
6,67,1
19,129,1
279,982,1
978,330,1
795,1179,1
12,91,1
567,905,1
363,190,1
1307,670,1
1377,860,1
1189,52,1
445,76,1
26,192,1
554,299,1
0,3,1
795,946,1
1271,518,1
131,471,1
1002,747,1
206,156,1
758,924,1
139,767,1
1462,442,1
566,128,1
111,241,1
14,108,1
1124,293,1
921,949,1
113,656,1
215,653,1
544,336,1
673,998,1
788,384,1
957,1050,1
192,881,1
933,254,1
134,313,1
254,1007,1
67,187,1
333,463,1
436,249,1
704,1022,1
1130,1195,1
1049,125,1
1327,759,1
179,619,1
103,604,1
434,1151,1
159,819,1
267,479,1
314,373,1
272,473,1
769,1007,1
243,28,1
188,388,1
683,73,1
199,50,1
549,664,1
185,874,1
280,655,1
304,390,1
106,392,1
293,113,1
1147,318,1
196,118,1
172,107,1
1307,666,1
779,1090,1
242,792,1
61,410,1
925,304,1
1179,1111,1
1353,812,1
877,1174,1
613,833,1
846,339,1
407,77,1
81,516,1
133,738,1
677,815,1
69,157,1
191,893,1
331,906,1
894,1162,1
9,79,1
26,186,1
49,340,1
1387,784,1
196,889,1
265,1001,1
338,824,1
1282,42,1
851,507,1
1233,311,1
519,715,1
1266,498,1
1295,616,1
1252,435,1
105,130,1
1457,242,1
387,394,1
1386,879,1
1070,1,1
641,93,1
710,651,1
344,355,1
370,358,1
617,1185,1
413,68,1
903,404,1
1410,929,1
391,1021,1
62,433,1
1178,69,1
712,591,1
830,58,1
1516,1122,1
149,188,1
1218,232,1
880,1121,1
996,300,1
96,385,1
572,533,1
106,610,1
74,484,1
1147,1168,1
33,232,1
82,51,1
449,164,1
1481,843,1
399,1130,1
79,511,1
322,332,1
330,76,1
977,1110,1
1336,771,1
827,767,1
1148,1167,1
600,388,1
834,1192,1
838,388,1
652,1197,1
92,345,1
1078,951,1
625,1115,1
807,478,1
1114,1073,1
405,847,1
1419,947,1
118,678,1
934,154,1
328,592,1
713,479,1
199,248,1
257,118,1
293,1066,1
1416,95,1
106,613,1
346,748,1
785,948,1
595,1099,1
88,550,1
934,275,1
433,493,1
504,186,1
138,331,1
469,176,1
366,299,1
1170,1000,1
1292,605,1
460,1154,1
18,122,1
134,752,1
138,764,1
405,1015,1
392,71,1
673,152,1
582,19,1
134,540,1
978,420,1
310,471,1
1452,1014,1
86,546,1
125,460,1
76,214,1
684,476,1
159,821,1
276,41,1
110,473,1
383,417,1
507,1115,1
1317,716,1
788,929,1
822,63,1
1197,92,1
981,602,1
19,139,1
892,672,1
678,380,1
801,100,1
699,582,1
111,644,1
703,284,1
1160,708,1
717,813,1
476,1127,1
288,578,1
348,260,1
4,43,1
333,830,1
65,441,1
1049,473,1
934,870,1
193,460,1
666,297,1
1272,524,1
629,328,1
328,501,1
1257,454,1
758,38,1
276,274,1
1002,1160,1
1147,301,1
15,111,1
905,1103,1
1421,952,1
158,195,1
82,522,1
803,587,1
215,776,1
1145,289,1
391,651,1
1275,542,1
92,463,1
1297,517,1
522,407,1
60,406,1
1173,635,1
1029,2,1
1439,988,1
322,6,1
942,375,1
195,787,1
413,148,1
242,245,1
150,284,1
1164,800,1
581,551,1
1084,1019,1
758,39,1
782,1091,1
1022,1100,1
1307,665,1
877,654,1
1172,133,1
1413,715,1
1409,596,1
674,960,1
926,595,1
230,151,1
116,665,1
1487,239,1
95,583,1
298,289,1
446,130,1
396,720,1
207,552,1
981,803,1
298,703,1
116,666,1
354,151,1
1138,296,1
294,1031,1
131,557,1
1318,720,1
673,857,1
830,462,1
582,509,1
521,852,1
40,285,1
35,264,1
563,112,1
754,746,1
363,1138,1
700,415,1
1441,75,1
109,632,1
117,537,1
247,49,1
1388,883,1
853,1180,1
59,398,1
758,854,1
697,297,1
321,410,1
996,529,1
925,1059,1
1000,539,1
1197,95,1
222,331,1
324,626,1
743,873,1
411,1032,1
998,737,1
757,753,1
160,826,1
182,557,1
504,291,1
575,962,1
1036,957,1
799,996,1
166,92,1
1307,342,1
1076,1037,1
12,96,1
49,338,1
819,473,1
243,734,1
245,160,1
1293,606,1
143,778,1
281,38,1
168,525,1
371,801,1
1178,48,1
697,48,1
468,1157,1
1271,344,1
830,468,1
137,762,1
591,969,1
1000,447,1
109,626,1
168,27,1
241,261,1
1001,93,1
1105,414,1
448,1053,1
400,868,1
433,491,1
87,547,1
629,969,1
485,1165,1
652,319,1
1236,336,1
952,435,1
234,598,1
758,947,1
1382,869,1
759,657,1
140,774,1
188,205,1
172,246,1
602,1040,1
739,901,1
201,795,1
19,135,1
440,158,1
1477,1068,1
689,848,1
5,52,1
298,49,1
1259,462,1
521,1013,1
578,434,1
998,546,1
703,708,1
1180,0,1
21,152,1
320,264,1
4,47,1
188,162,1
207,578,1
1419,948,1
69,464,1
119,449,1
189,590,1
1038,1011,1
43,299,1
112,479,1
370,666,1
580,816,1
460,154,1
549,382,1
1307,675,1
784,399,1
530,165,1
295,733,1
952,27,1
82,274,1
573,1189,1
942,87,1
831,944,1
1049,463,1
196,905,1
125,713,1
1211,189,1
134,336,1
143,504,1
814,128,1
841,959,1
210,71,1
932,159,1
330,623,1
280,691,1
192,615,1
161,479,1
1410,386,1
112,511,1
1253,440,1
1408,927,1
1121,1075,1
1221,84,1
25,175,1
407,155,1
1151,331,1
534,263,1
184,872,1
1127,7,1
687,297,1
739,10,1
1101,1027,1
309,1082,1
483,469,1
979,402,1
1411,416,1
513,846,1
1507,1106,1
635,654,1
1073,519,1
625,1030,1
1309,686,1
413,299,1
5,65,1
627,814,1
828,1112,1
642,794,1
1206,155,1
19,125,1
1319,725,1
1046,230,1
394,1103,1
615,1005,1
189,889,1
788,430,1
232,109,1
1142,823,1
607,916,1
166,834,1
1199,108,1
159,743,1
1063,644,1
34,242,1
445,413,1
1272,522,1
809,587,1
410,908,1
396,1056,1
960,445,1
838,308,1
1254,445,1
1249,407,1
90,555,1
549,1181,1
1408,281,1
682,437,1
967,1189,1
15,110,1
137,763,1
31,213,1
692,123,1
809,463,1
1381,868,1
1014,228,1
1276,302,1
345,672,1
339,480,1
202,432,1
1356,818,1
952,208,1
494,564,1
1324,753,1
479,120,1
353,0,1
1242,377,1
990,1145,1
42,296,1
858,1028,1
652,196,1
1082,916,1
394,257,1
1104,1195,1
1212,192,1
688,92,1
311,871,1
316,489,1
1492,684,1
345,894,1
180,431,1
860,420,1
605,1194,1
663,432,1
1047,232,1
259,86,1
22,154,1
807,648,1
1352,809,1
346,646,1
1317,717,1
336,585,1
393,772,1
279,973,1
1045,1151,1
237,87,1
1351,805,1
445,577,1
1259,459,1
702,841,1
1070,1188,1
117,667,1
1189,62,1
48,326,1
922,999,1
1144,951,1
1228,297,1
514,1084,1
1099,735,1
780,27,1
147,345,1
1339,778,1
426,414,1
888,488,1
322,1101,1
1012,731,1
773,313,1
55,379,1
586,929,1
1069,214,1
1309,688,1
362,653,1
1252,428,1
432,305,1
551,77,1
372,347,1
365,889,1
304,801,1
205,506,1
1418,943,1
803,9,1
423,1151,1
1235,329,1
1513,1119,1
761,170,1
1194,81,1
1235,326,1
846,557,1
453,514,1
237,73,1
776,349,1
619,93,1
160,503,1
1234,314,1
383,911,1
112,648,1
782,388,1
289,54,1
191,395,1
125,652,1
198,245,1
394,1011,1
823,640,1
728,448,1
1235,331,1
716,662,1
216,216,1
201,409,1
179,861,1
44,302,1
955,217,1
390,447,1
321,25,1
193,898,1
528,794,1
1003,299,1
697,1018,1
586,661,1
819,723,1
265,1026,1
211,926,1
1312,702,1
1048,959,1
58,397,1
763,865,1
113,654,1
809,468,1
237,163,1
994,83,1
188,672,1
1189,51,1
244,195,1
223,943,1
28,199,1
556,165,1
546,572,1
808,827,1
521,226,1
543,96,1
975,741,1
622,1190,1
990,87,1
109,624,1
298,1005,1
1033,6,1
1151,1128,1
408,1130,1
125,499,1
1375,851,1
1465,1043,1
565,2,1
255,924,1
459,236,1
2,20,1
695,1188,1
579,472,1
985,168,1
666,1181,1
657,204,1
1190,69,1
1161,1046,1
707,1164,1
1031,793,1
1132,1021,1
509,745,1
106,609,1
373,422,1
121,698,1
891,329,1
1070,1039,1
332,583,1
392,81,1
766,866,1
1418,942,1
1487,281,1
1003,612,1
1176,86,1
1084,722,1
1151,729,1
1041,779,1
423,543,1
91,563,1
440,893,1
1288,596,1
1252,430,1
567,289,1
502,331,1
1504,1100,1
1481,1073,1
1203,139,1
394,463,1
696,443,1
484,1156,1
1117,428,1
151,795,1
1513,1118,1
408,146,1
905,149,1
501,682,1
1393,902,1
1316,267,1
177,491,1
672,789,1
695,403,1
1342,782,1
1130,527,1
526,801,1
893,1063,1
635,629,1
284,507,1
1449,1002,1
730,1181,1
394,1107,1
342,704,1
109,629,1
1264,486,1
656,746,1
209,722,1
48,327,1
23,141,1
289,876,1
1363,837,1
999,597,1
1363,835,1
1433,978,1
76,498,1
212,927,1
596,21,1
436,531,1
69,461,1
163,397,1
139,638,1
998,45,1
1261,472,1
865,1065,1
795,1158,1
452,33,1
1050,1187,1
152,713,1
1150,1193,1
475,337,1
1343,784,1
659,1090,1
201,260,1
899,305,1
179,860,1
726,822,1
1500,1091,1
143,37,1
620,561,1
1479,144,1
1012,602,1
673,853,1
1478,505,1
1372,848,1
1073,251,1
687,1119,1
396,1047,1
910,1160,1
189,890,1
225,749,1
1069,676,1
942,1016,1
120,107,1
1117,988,1
1357,823,1
226,615,1
991,657,1
106,614,1
551,356,1
893,982,1
413,1068,1
201,917,1
1426,968,1
814,747,1
763,411,1
947,2,1
1210,179,1
1068,1101,1
1504,1102,1
178,152,1
66,32,1
118,370,1
911,983,1
1481,394,1
111,46,1
143,722,1
143,351,1
445,866,1
579,554,1
803,881,1
232,961,1
832,100,1
254,1006,1
243,307,1
1241,370,1
1304,662,1
1012,1145,1
383,330,1
860,503,1
1285,211,1
480,794,1
354,444,1
75,489,1
1132,336,1
1282,572,1
192,653,1
1059,536,1
169,606,1
1119,1110,1
339,562,1
439,925,1
137,352,1
150,794,1
133,638,1
1335,768,1
28,142,1
306,76,1
69,457,1
788,12,1
1218,226,1
256,250,1
1345,786,1
248,997,1
387,621,1
776,171,1
749,373,1
370,401,1
267,429,1
876,380,1
956,300,1
111,355,1
1099,661,1
352,156,1
269,704,1
509,578,1
678,1187,1
257,617,1
2,24,1
459,343,1
658,834,1
462,1015,1
531,157,1
797,607,1
363,201,1
1519,1126,1
667,1167,1
207,737,1
1235,332,1
1476,763,1
439,158,1
619,1119,1
184,33,1
1304,660,1
431,114,1
110,47,1
1389,889,1
822,671,1
508,352,1
127,87,1
698,199,1
1117,193,1
439,765,1
1255,449,1
164,592,1
978,834,1
1052,1044,1
1463,1040,1
442,45,1
271,1034,1
392,839,1
1063,653,1
35,259,1
806,64,1
118,683,1
330,580,1
265,237,1
274,331,1
1181,4,1
773,677,1
712,759,1
220,891,1
583,378,1
1453,1023,1
934,630,1
501,481,1
1101,787,1
1041,658,1
244,771,1
274,446,1
1203,133,1
699,581,1
1190,70,1
960,1099,1
168,183,1
253,1002,1
883,783,1
1316,714,1
134,40,1
1315,684,1
189,641,1
346,1026,1
860,217,1
1030,224,1
1244,385,1
1061,46,1
456,518,1
137,509,1
1401,919,1
1233,310,1
1051,123,1
1028,1079,1
302,1077,1
661,940,1
732,839,1
118,681,1
11,89,1
566,321,1
966,601,1
1471,1064,1
44,304,1
512,289,1
736,836,1
956,158,1
1118,223,1
784,247,1
906,479,1
593,1183,1
1202,122,1
259,677,1
1177,817,1
907,877,1
109,406,1
539,469,1
1177,299,1
1449,1006,1
84,405,1
729,985,1
565,1037,1
922,1178,1
1463,1041,1
1234,315,1
1325,754,1
1183,17,1
282,1058,1
88,548,1
384,449,1
1101,933,1
338,1119,1
1073,630,1
1468,1049,1
446,710,1
942,750,1
1076,825,1
119,686,1
588,575,1
345,698,1
423,614,1
162,525,1
19,116,1
1222,261,1
350,135,1
400,620,1
546,924,1
540,862,1
218,495,1
1294,609,1
309,752,1
739,97,1
608,72,1
167,530,1
714,803,1
1449,1005,1
268,592,1
50,353,1
111,310,1
137,610,1
1511,735,1
888,1118,1
113,642,1
899,1124,1
960,233,1
568,1041,1
994,344,1
286,74,1
1101,463,1
425,482,1
439,697,1
83,388,1
1173,356,1
127,351,1
482,995,1
70,470,1
237,248,1
1252,426,1
159,744,1
76,500,1
608,984,1
673,1094,1
77,502,1
483,30,1
349,131,1
226,509,1
707,469,1
1031,980,1
209,656,1
1073,1169,1
667,38,1
143,303,1
469,99,1
1478,1069,1
455,124,1
253,1003,1
289,1023,1
1341,147,1
264,780,1
1223,263,1
809,617,1
679,54,1
1203,142,1
1146,22,1
1273,528,1
108,620,1
1207,164,1
1221,244,1
392,762,1
259,1018,1
980,120,1
35,14,1
36,267,1
359,76,1
253,86,1
845,1171,1
5,63,1
573,1187,1
332,463,1
1113,1011,1
176,849,1
388,249,1
17,116,1
1240,369,1
189,68,1
975,626,1
1470,1058,1
1205,151,1
46,107,1
1221,247,1
1205,146,1
314,131,1
1216,212,1
49,339,1
56,384,1
521,1058,1
683,27,1
146,355,1
379,758,1
565,951,1
339,348,1
35,261,1
1196,87,1
530,413,1
753,1072,1
1170,44,1
1261,471,1
1326,757,1
340,553,1
540,743,1
514,217,1
243,262,1
1098,1143,1
34,52,1
408,912,1
141,776,1
87,236,1
201,324,1
282,1059,1
359,847,1
1234,316,1
133,739,1
942,188,1
607,306,1
1469,1052,1
809,633,1
133,678,1
696,430,1
1357,824,1
619,468,1
133,736,1
2,14,1
644,804,1
1283,578,1
133,443,1
635,934,1
99,595,1
95,581,1
433,489,1
1031,1024,1
32,219,1
435,672,1
154,804,1
1470,1057,1
523,601,1
706,209,1
5,55,1
442,1152,1
1239,356,1
187,880,1
846,831,1
111,646,1
91,559,1
1016,1079,1
1102,481,1
293,887,1
437,1038,1
174,10,1
1095,959,1
179,859,1
403,627,1
1214,202,1
591,965,1
460,155,1
1261,474,1
267,1029,1
282,699,1
1185,34,1
189,162,1
460,455,1
1323,744,1
399,845,1
1101,271,1
1170,488,1
766,50,1
369,138,1
860,948,1
147,564,1
1477,314,1
892,205,1
77,33,1
133,746,1
494,659,1
1003,955,1
349,187,1
885,1201,1
851,428,1
673,1168,1
745,1135,1
374,9,1
1338,596,1
597,826,1
1316,461,1
702,63,1
82,48,1
435,640,1
699,760,1
174,9,1
170,472,1
1061,713,1
54,374,1
1301,650,1
316,702,1
199,902,1
453,298,1
1397,912,1
131,87,1
1053,942,1
894,435,1
698,748,1
600,312,1
238,901,1
386,1144,1
944,245,1
1320,451,1
461,589,1
235,904,1
359,862,1
282,864,1
773,47,1
110,634,1
179,856,1
220,437,1
92,486,1
1252,431,1
74,483,1
1070,319,1
134,748,1
58,395,1
373,219,1
1138,649,1
1191,72,1
1359,827,1
1043,884,1
26,188,1
509,676,1
1134,747,1
1485,716,1
574,1114,1
418,223,1
942,258,1
1235,330,1
240,261,1
583,89,1
735,509,1
1323,749,1
140,376,1
736,691,1
1272,523,1
328,578,1
1441,173,1
1513,1116,1
318,442,1
544,820,1
1245,393,1
3,31,1
271,1039,1
1033,1102,1
1275,544,1
713,129,1
68,195,1
222,748,1
282,1061,1
209,351,1
1107,754,1
135,754,1
430,698,1
399,652,1
159,143,1
155,279,1
199,910,1
42,16,1
803,251,1
807,204,1
81,122,1
19,141,1
1084,170,1
1145,930,1
899,274,1
680,672,1
77,421,1
557,962,1
1178,296,1
1096,196,1
56,11,1
1,8,1
857,803,1
232,196,1
388,57,1
839,189,1
1183,9,1
510,1170,1
1098,794,1
48,331,1
216,214,1
171,355,1
885,1003,1
82,521,1
1160,515,1
325,6,1
1389,887,1
109,134,1
894,980,1
187,370,1
1205,148,1
1082,751,1
34,246,1
38,281,1
416,142,1
209,923,1
584,11,1
254,672,1
1005,409,1
713,34,1
1184,22,1
354,1071,1
699,353,1
469,210,1
591,963,1
1442,684,1
595,264,1
483,1163,1
885,1136,1
947,1058,1
498,1146,1
713,56,1
735,950,1
379,881,1
845,1159,1
1142,351,1
189,850,1
1141,498,1
942,9,1
1354,814,1
935,174,1
830,219,1
1147,350,1
469,97,1
981,373,1
967,915,1
1151,1131,1
82,523,1
886,533,1
84,207,1
62,425,1
594,678,1
85,540,1
541,273,1
93,245,1
62,424,1
118,682,1
466,878,1
1112,360,1
958,737,1
1426,962,1
413,1032,1
75,492,1
692,204,1
899,289,1
1381,867,1
662,78,1
1001,532,1
1351,803,1
271,1035,1
1144,233,1
1171,118,1
0,0,1
995,447,1
1412,933,1
931,358,1
844,101,1
389,635,1
1034,1188,1
182,325,1
988,388,1
788,931,1
934,1067,1
1472,838,1
320,1092,1
424,677,1
851,524,1
1282,569,1
769,533,1
801,334,1
882,373,1
261,807,1
809,413,1
927,1045,1
149,789,1
542,208,1
1308,678,1
345,155,1
1273,533,1
1265,491,1
294,672,1
110,304,1
923,584,1
755,1004,1
1508,768,1
932,320,1
535,209,1
259,197,1
518,1172,1
860,298,1
785,1060,1
274,1041,1
644,723,1
931,798,1
176,851,1
1207,166,1
744,1179,1
1060,1131,1
290,16,1
414,128,1
1170,434,1
70,237,1
310,84,1
242,988,1
238,364,1
839,54,1
440,97,1
192,896,1
556,61,1
1343,586,1
1003,339,1
1448,1000,1
1073,672,1
1253,438,1
1105,918,1
584,901,1
178,393,1
389,727,1
1421,566,1
1032,48,1
1470,1060,1
1479,1070,1
1098,1105,1
727,415,1
1405,281,1
391,659,1
276,884,1
1083,1131,1
769,187,1
1207,159,1
1063,758,1
1114,1021,1
388,375,1
859,1200,1
151,283,1
317,338,1
704,1017,1
850,354,1
361,653,1
506,913,1
111,509,1
2,25,1
1048,914,1
215,672,1
652,6,1
336,986,1
200,913,1
1283,579,1
1291,602,1
1249,402,1
259,1015,1
928,731,1
534,447,1
682,851,1
1473,587,1
314,270,1
1130,852,1
635,273,1
996,740,1
169,131,1
1323,743,1
160,578,1
543,962,1
1383,871,1
938,665,1
924,892,1
812,120,1
1183,11,1
105,606,1
366,513,1
915,647,1
259,1016,1
67,116,1
511,711,1
1377,857,1
283,404,1
1005,151,1
85,34,1
232,971,1
280,488,1
26,194,1
317,1090,1
199,134,1
701,1099,1
888,165,1
1207,160,1
184,330,1
650,286,1
1456,1026,1
1084,169,1
1435,981,1
638,521,1
102,284,1
1105,855,1
1248,398,1
220,499,1
1489,1080,1
1009,1036,1
22,156,1
712,530,1
847,896,1
494,901,1
877,1005,1
1307,671,1
74,148,1
180,289,1
48,1,1
268,642,1
463,859,1
26,191,1
280,1053,1
116,157,1
407,237,1
652,413,1
232,973,1
185,767,1
253,1001,1
193,27,1
974,182,1
326,463,1
970,349,1
170,812,1
864,1002,1
183,258,1
71,474,1
1397,910,1
220,167,1
111,628,1
278,420,1
1350,797,1
692,299,1
568,600,1
938,788,1
350,388,1
406,649,1
429,391,1
312,975,1
1354,816,1
47,322,1
1490,1081,1
298,1073,1
696,1118,1
261,1023,1
106,545,1
64,441,1
460,1001,1
258,1014,1
1079,309,1
417,838,1
1367,842,1
49,334,1
1114,1017,1
1242,374,1
356,511,1
248,912,1
483,816,1
1003,766,1
394,933,1
38,280,1
726,952,1
301,343,1
399,34,1
17,120,1
758,88,1
111,640,1
1280,557,1
336,1111,1
138,766,1
767,331,1
1501,625,1
370,1124,1
679,562,1
50,341,1
332,410,1
41,293,1
31,156,1
330,261,1
77,506,1
1206,154,1
958,523,1
54,373,1
90,454,1
830,559,1
1356,821,1
501,1168,1
819,674,1
731,836,1
1423,956,1
171,120,1
1113,265,1
975,538,1
899,308,1
1244,389,1
1285,3,1
391,880,1
461,930,1
520,478,1
674,97,1
788,8,1
216,72,1
322,151,1
860,1133,1
22,158,1
381,714,1
1493,784,1
135,750,1
1251,418,1
420,904,1
385,1145,1
600,638,1
212,9,1
504,155,1
223,478,1
609,711,1
1357,822,1
1419,220,1
128,729,1
330,290,1
304,307,1
358,630,1
1056,167,1
719,1173,1
1068,1020,1
246,519,1
813,440,1
40,286,1
177,493,1
280,694,1
1302,653,1
77,504,1
413,209,1
422,604,1
111,559,1
134,750,1
373,561,1
1334,314,1
1452,1018,1
81,25,1
1206,156,1
50,83,1
67,454,1
60,393,1
1028,1054,1
451,1057,1
1281,563,1
188,805,1
293,1030,1
223,939,1
244,426,1
911,18,1
1113,412,1
1228,295,1
949,151,1
779,707,1
1468,1048,1
1297,629,1
732,388,1
408,669,1
915,67,1
303,199,1
597,916,1
118,524,1
835,118,1
1137,1136,1
117,675,1
859,1191,1
43,300,1
50,348,1
1024,1069,1
939,1090,1
1313,707,1
1013,909,1
1012,737,1
55,350,1
82,392,1
1077,388,1
845,1044,1
940,1096,1
1300,640,1
1015,1069,1
838,309,1
192,171,1
127,727,1
209,249,1
408,509,1
1147,1195,1
83,525,1
201,172,1
697,304,1
796,1156,1
445,412,1
133,573,1
416,414,1
1055,56,1
752,348,1
368,722,1
242,290,1
437,283,1
809,118,1
34,177,1
988,1024,1
508,388,1
1109,1104,1
682,934,1
922,208,1
550,689,1
276,48,1
164,553,1
1050,1185,1
340,156,1
302,755,1
1243,379,1
1286,589,1
182,646,1
682,649,1
153,118,1
332,1107,1
504,613,1
614,506,1
1222,250,1
737,4,1
184,597,1
183,118,1
32,221,1
381,1113,1
52,366,1
737,415,1
1031,391,1
882,1120,1
642,329,1
1282,573,1
833,996,1
1510,799,1
183,137,1
111,307,1
687,337,1
354,796,1
93,574,1
339,1083,1
1108,353,1
137,34,1
1340,779,1
450,375,1
894,418,1
562,1001,1
1406,925,1
510,862,1
925,1063,1
741,654,1
346,422,1
742,415,1
1040,1090,1
77,37,1
982,755,1
1458,1030,1
57,392,1
958,51,1
1438,625,1
1349,795,1
639,694,1
810,861,1
1230,302,1
697,770,1
351,994,1
998,1168,1
608,746,1
458,1040,1
1344,785,1
1244,386,1
1296,620,1
107,615,1
183,73,1
232,967,1
113,653,1
464,116,1
70,467,1
990,948,1
328,683,1
37,46,1
584,348,1
111,635,1
120,689,1
469,1159,1
697,828,1
913,816,1
108,618,1
1262,479,1
1035,925,1
744,1164,1
435,1140,1
259,194,1
33,223,1
745,67,1
785,685,1
1385,875,1
1381,865,1
1203,136,1
1307,674,1
354,1133,1
484,339,1
105,154,1
737,319,1
361,447,1
128,728,1
865,648,1
96,589,1
658,608,1
962,330,1
395,414,1
1255,446,1
1273,531,1
873,597,1
74,482,1
991,350,1
973,796,1
748,971,1
260,1021,1
473,1139,1
1050,380,1
241,985,1
1291,603,1
344,741,1
415,249,1
223,375,1
373,195,1
1004,440,1
123,707,1
475,984,1
51,358,1
1084,1106,1
1124,895,1
1213,199,1
109,390,1
622,1186,1
1232,308,1
217,257,1
1514,173,1
545,761,1
1197,94,1
281,443,1
621,888,1
151,284,1
1302,652,1
4,42,1
332,1048,1
799,728,1
1235,324,1
67,50,1
93,571,1
65,402,1
1148,601,1
1280,560,1
287,710,1
758,821,1
1191,71,1
877,1128,1
365,1139,1
14,109,1
1245,82,1
1334,767,1
897,682,1
1065,1051,1
931,1143,1
95,586,1
1190,67,1
907,835,1
425,739,1
1348,789,1
1346,147,1
234,975,1
740,1143,1
1312,701,1
254,508,1
578,1192,1
159,726,1
1074,179,1
1145,360,1
1285,327,1
230,376,1
193,899,1
584,943,1
521,407,1
415,833,1
1166,109,1
384,1107,1
161,828,1
1404,442,1
145,385,1
590,209,1
1048,1200,1
891,1,1
121,696,1
708,1,1
525,991,1
975,604,1
907,1063,1
780,1137,1
566,656,1
1045,430,1
215,498,1
573,915,1
62,421,1
553,68,1
460,640,1
1016,147,1
1181,7,1
1073,169,1
1244,281,1
45,312,1
1377,859,1
1499,1090,1
789,941,1
351,382,1
1252,436,1
289,554,1
774,517,1
658,899,1
111,637,1
1051,398,1
839,880,1
1317,173,1
261,388,1
1260,466,1
839,938,1
198,77,1
350,379,1
200,298,1
945,929,1
680,182,1
562,1025,1
615,1181,1
1354,815,1
182,418,1
352,159,1
444,859,1
1300,646,1
330,334,1
855,706,1
430,638,1
146,785,1
65,445,1
1477,1067,1
217,790,1
242,578,1
178,854,1
774,516,1
322,371,1
985,373,1
1308,679,1
1152,109,1
639,877,1
574,411,1
455,189,1
153,649,1
882,388,1
26,181,1
220,520,1
716,940,1
217,85,1
496,1167,1
680,894,1
206,887,1
810,622,1
1441,384,1
168,841,1
1099,734,1
441,583,1
1171,994,1
1321,733,1
139,174,1
373,586,1
894,170,1
1003,257,1
341,63,1
163,202,1
582,18,1
573,1186,1
907,737,1
117,672,1
153,800,1
301,352,1
316,492,1
254,1009,1
438,882,1
1060,1195,1
587,373,1
279,1047,1
942,202,1
1151,921,1
1207,170,1
184,873,1
380,839,1
571,294,1
353,259,1
1084,291,1
494,9,1
774,1157,1
661,583,1
533,1177,1
166,463,1
5,61,1
621,788,1
310,120,1
117,39,1
140,771,1
167,423,1
306,732,1
56,385,1
148,105,1
1104,972,1
277,848,1
1102,1161,1
803,479,1
1131,956,1
774,22,1
376,722,1
134,278,1
1114,375,1
549,1002,1
396,953,1
1002,678,1
572,1083,1
209,712,1
265,987,1
332,76,1
51,43,1
693,1100,1
662,483,1
60,405,1
479,56,1
1031,1085,1
973,157,1
3,35,1
214,830,1
799,1148,1
644,510,1
147,787,1
2,19,1
840,62,1
189,860,1
215,614,1
1427,974,1
182,865,1
282,228,1
444,993,1
338,811,1
1164,218,1
590,950,1
76,341,1
83,530,1
980,1139,1
131,348,1
179,368,1
357,724,1
227,58,1
23,160,1
309,1083,1
1337,238,1
871,1183,1
240,983,1
140,770,1
612,1172,1
712,634,1
975,952,1
1442,277,1
188,556,1
338,292,1
354,328,1
202,441,1
390,234,1
868,847,1
127,585,1
381,697,1
137,142,1
769,1125,1
167,674,1
46,319,1
229,821,1
785,1092,1
404,480,1
366,992,1
1013,988,1
345,478,1
457,449,1
809,301,1
697,723,1
952,606,1
1298,636,1
907,841,1
35,254,1
849,1078,1
1278,552,1
337,1099,1
1446,997,1
241,58,1
337,686,1
922,444,1
1336,774,1
1246,396,1
1181,1,1
40,288,1
430,974,1
348,389,1
391,247,1
434,32,1
314,275,1
253,1004,1
119,326,1
424,77,1
1223,266,1
1230,300,1
332,1049,1
955,957,1
706,227,1
803,70,1
223,76,1
1171,310,1
1307,673,1
178,855,1
163,530,1
692,503,1
156,814,1
1189,50,1
892,840,1
952,289,1
268,83,1
1419,946,1
701,418,1
374,995,1
241,769,1
346,1127,1
412,48,1
183,868,1
259,513,1
318,287,1
57,290,1
775,378,1
1313,709,1
1508,782,1
1077,720,1
61,413,1
111,289,1
186,876,1
2,18,1
521,1175,1
281,615,1
537,522,1
327,117,1
183,183,1
1048,1147,1
189,886,1
122,499,1
65,26,1
1313,708,1
238,979,1
1207,157,1
753,825,1
1050,1189,1
952,525,1
235,47,1
619,914,1
1034,380,1
63,437,1
715,1170,1
1189,41,1
383,57,1
700,131,1
1170,377,1
91,562,1
182,866,1
354,1029,1
276,1043,1
513,1147,1
581,612,1
737,1039,1
308,1081,1
794,795,1
422,565,1
314,932,1
715,401,1
209,513,1
209,509,1
283,935,1
5,64,1
1126,956,1
117,533,1
1353,302,1
97,577,1
629,966,1
1394,904,1
1222,257,1
93,434,1
681,876,1
1325,178,1
141,775,1
941,339,1
758,322,1
947,577,1
901,734,1
17,115,1
1177,478,1
1153,118,1
50,351,1
1031,719,1
564,74,1
167,835,1
1414,777,1
1156,719,1
1189,54,1
1034,415,1
639,1166,1
25,176,1
1240,366,1
215,702,1
864,180,1
23,23,1
896,252,1
216,934,1
521,707,1
59,399,1
1426,963,1
544,821,1
254,312,1
412,809,1
1117,542,1
1007,329,1
1287,590,1
85,428,1
572,926,1
33,226,1
1491,1085,1
93,160,1
597,549,1
187,878,1
639,172,1
533,109,1
1251,422,1
939,445,1
1297,628,1
99,196,1
785,1156,1
685,806,1
1207,165,1
44,305,1
394,691,1
1285,587,1
472,921,1
17,56,1
1031,79,1
76,501,1
412,544,1
167,582,1
977,805,1
1232,309,1
430,87,1
737,1188,1
396,264,1
1377,855,1
1471,268,1
606,118,1
534,1031,1
268,392,1
267,1031,1
966,1191,1
174,477,1
34,234,1
465,692,1
606,251,1
369,363,1
872,759,1
636,1064,1
406,293,1
894,289,1
85,527,1
267,270,1
1424,958,1
741,503,1
330,635,1
240,16,1
23,166,1
419,798,1
1105,690,1
393,522,1
179,16,1
127,204,1
849,1159,1
691,1097,1
1399,917,1
171,843,1
240,687,1
116,663,1
1332,764,1
67,275,1
429,1153,1
63,264,1
26,195,1
413,1099,1
1130,1201,1
279,1051,1
1464,785,1
1225,271,1
742,379,1
70,100,1
167,578,1
397,515,1
549,570,1
367,593,1
680,1123,1
419,177,1
412,617,1
398,1147,1
1439,989,1
326,295,1
738,463,1
1200,115,1
24,173,1
500,951,1
174,848,1
1112,425,1
1351,806,1
11,88,1
58,394,1
330,47,1
28,198,1
253,711,1
144,779,1
1036,1003,1
608,895,1
102,409,1
856,1001,1
256,709,1
1189,63,1
1508,221,1
9,80,1
112,435,1
232,962,1
1019,889,1
566,1184,1
1426,973,1
463,264,1
965,755,1
534,217,1
348,305,1
343,54,1
1480,1072,1
890,423,1
17,118,1
373,118,1
1469,1054,1
831,73,1
1195,82,1
129,728,1
247,498,1
66,452,1
830,223,1
295,387,1
93,577,1
542,888,1
1349,794,1
726,230,1
25,177,1
877,29,1
1105,265,1
267,698,1
1011,996,1
1005,1046,1
710,317,1
248,998,1
60,404,1
789,315,1
628,947,1
259,237,1
590,534,1
387,801,1
552,1179,1
456,919,1
1226,281,1
676,863,1
234,947,1
209,352,1
540,1098,1
993,950,1
967,1,1
99,597,1
83,337,1
1083,151,1
803,487,1
45,136,1
28,205,1
447,1059,1
1084,674,1
916,963,1
588,574,1
606,992,1
311,112,1
1084,1016,1
23,161,1
45,315,1
225,948,1
1223,264,1
338,1115,1
92,62,1
170,375,1
1110,114,1
1218,224,1
822,609,1
277,675,1
40,287,1
1508,550,1
1130,415,1
1137,516,1
107,519,1
1029,534,1
1277,550,1
278,1045,1
941,610,1
189,752,1
356,499,1
629,967,1
1031,1043,1
407,164,1
19,136,1
149,790,1
364,1020,1
692,1025,1
48,325,1
1517,1124,1
233,974,1
5,57,1
1096,857,1
199,241,1
1308,677,1
342,585,1
1105,1094,1
217,307,1
1184,27,1
131,128,1
953,1193,1
1501,269,1
570,515,1
76,88,1
398,553,1
189,574,1
1310,691,1
938,1002,1
1413,934,1
93,572,1
975,132,1
48,328,1
652,757,1
1000,448,1
203,919,1
1136,509,1
45,307,1
328,778,1
1397,127,1
526,766,1
838,1026,1
1279,553,1
130,659,1
1438,985,1
1254,442,1
892,1110,1
1097,1183,1
166,686,1
936,80,1
1150,381,1
439,1088,1
1051,288,1
1336,775,1
408,443,1
663,958,1
476,703,1
1369,844,1
1348,793,1
1288,593,1
1282,566,1
263,116,1
1089,906,1
445,370,1
561,379,1
1156,363,1
677,866,1
234,386,1
108,621,1
1492,1086,1
242,624,1
34,251,1
297,265,1
1110,684,1
306,1033,1
368,641,1
325,3,1
1437,983,1
896,151,1
909,1023,1
841,744,1
737,1196,1
291,976,1
549,588,1
1405,923,1
1208,172,1
2,13,1
407,406,1
298,291,1
310,479,1
445,1149,1
838,799,1
886,1006,1
391,362,1
733,429,1
611,121,1
26,87,1
450,304,1
149,287,1
665,966,1
125,712,1
220,354,1
407,118,1
446,77,1
178,444,1
932,467,1
134,658,1
1234,320,1
697,349,1
1438,207,1
109,583,1
1169,1036,1
83,528,1
391,435,1
440,355,1
1112,928,1
1483,1076,1
395,694,1
849,896,1
561,931,1
19,73,1
678,1,1
418,444,1
3,29,1
629,964,1
914,1016,1
1093,698,1
765,271,1
1230,301,1
932,1017,1
196,250,1
102,600,1
1303,657,1
678,1185,1
1236,344,1
226,46,1
1323,747,1
122,398,1
1190,68,1
418,296,1
1319,726,1
822,388,1
1273,529,1
701,304,1
289,177,1
279,1048,1
373,103,1
0,1,1
765,1162,1
1211,187,1
520,339,1
1310,2,1
434,204,1
732,604,1
268,748,1
258,1013,1
206,786,1
780,512,1
748,964,1
566,1124,1
1175,976,1
1300,645,1
287,739,1
1225,273,1
959,543,1
1221,241,1
440,197,1
211,823,1
113,423,1
974,739,1
38,277,1
31,211,1
214,589,1
585,405,1
192,312,1
139,190,1
39,284,1
405,391,1
1077,525,1
293,512,1
289,483,1
254,1008,1
610,293,1
741,867,1
914,519,1
319,859,1
421,891,1
113,174,1
199,911,1
1446,998,1
1491,571,1
186,626,1
942,434,1
706,1165,1
259,1017,1
191,266,1
1267,506,1
208,392,1
1299,637,1
1201,117,1
232,328,1
719,1123,1
828,1071,1
395,446,1
51,364,1
280,259,1
1433,99,1
415,413,1
329,506,1
58,396,1
230,550,1
1130,1114,1
1118,760,1
395,946,1
260,162,1
423,65,1
707,353,1
805,1153,1
552,1182,1
330,13,1
1458,764,1
1321,732,1
452,1010,1
1134,906,1
392,194,1
816,807,1
861,775,1
1222,258,1
271,1037,1
695,1189,1
10,84,1
1084,583,1
0,2,1
270,539,1
785,231,1
659,942,1
895,346,1
2,22,1
795,151,1
797,649,1
819,305,1
69,463,1
283,861,1
591,328,1
1063,261,1
704,901,1
888,36,1
1487,386,1
223,945,1
254,399,1
892,138,1
1214,204,1
839,48,1
1184,21,1
958,522,1
76,497,1
1303,655,1
1499,1088,1
610,1195,1
24,174,1
1313,606,1
159,609,1
273,743,1
1186,40,1
131,199,1
1310,694,1
1116,794,1
247,703,1
191,713,1
742,952,1
381,813,1
973,1152,1
26,184,1
665,328,1
405,388,1
1172,778,1
1084,920,1
11,87,1
543,600,1
154,530,1
192,895,1
137,666,1
349,882,1
1336,67,1
176,618,1
582,22,1
1399,916,1
132,160,1
1453,1021,1
818,306,1
192,897,1
1251,421,1
629,963,1
1424,959,1
651,1172,1
1309,684,1
911,367,1
342,1122,1
161,533,1
985,48,1
127,721,1
335,13,1
12,93,1
1302,654,1
942,430,1
10,82,1
1389,890,1
100,593,1
838,807,1
908,447,1
338,810,1
940,1135,1
719,123,1
901,115,1
1351,804,1
435,1041,1
338,845,1
85,539,1
1297,630,1
1071,1033,1
430,383,1
1340,413,1
455,1090,1
761,1184,1
1170,379,1
1431,777,1
332,946,1
439,811,1
234,150,1
993,690,1
706,1111,1
1207,163,1
324,952,1
1336,772,1
1119,779,1
179,858,1
217,317,1
399,91,1
232,968,1
266,761,1
77,437,1
107,237,1
494,1006,1
1243,380,1
294,1069,1
1289,599,1
163,448,1
117,503,1
1170,726,1
404,1148,1
594,361,1
920,49,1
157,815,1
360,653,1
4,46,1
425,358,1
794,328,1
115,656,1
990,376,1
391,672,1
1169,1035,1
217,492,1
873,807,1
273,530,1
246,291,1
407,1065,1
438,440,1
117,674,1
508,85,1
567,398,1
1321,734,1
387,21,1
492,69,1
1,9,1
958,521,1
512,305,1
790,116,1
541,780,1
1308,676,1
539,1163,1
381,832,1
1222,260,1
784,179,1
977,773,1
1325,755,1
23,167,1
1217,219,1
394,1047,1
210,86,1
1104,1158,1
278,932,1
1189,48,1
526,1149,1
867,856,1
330,835,1
637,913,1
1028,17,1
792,1046,1
1250,415,1
1183,18,1
381,1093,1
528,655,1
646,697,1
704,1023,1
663,1128,1
67,307,1
37,269,1
313,117,1
1396,753,1
45,313,1
325,4,1
395,1095,1
461,588,1
899,391,1
652,151,1
1239,364,1
654,1194,1
1273,530,1
172,706,1
1151,333,1
215,468,1
349,719,1
199,139,1
1273,527,1
1398,915,1
1354,104,1
1137,879,1
395,93,1
1114,775,1
95,291,1
941,389,1
860,21,1
618,440,1
703,395,1
561,920,1
1195,86,1
56,387,1
521,986,1
433,494,1
1321,731,1
520,103,1
975,138,1
141,249,1
345,576,1
330,188,1
306,943,1
1115,842,1
425,292,1
214,930,1
360,1131,1
157,817,1
1217,222,1
867,583,1
113,652,1
763,255,1
325,5,1
1211,188,1
145,781,1
1113,1054,1
741,703,1
216,532,1
216,547,1
1452,1017,1
325,433,1
185,737,1
769,554,1
265,1028,1
310,49,1
1310,692,1
1160,326,1
146,316,1
304,652,1
35,253,1
659,1174,1
785,899,1
704,890,1
173,846,1
1220,235,1
943,1135,1
994,8,1
409,851,1
149,792,1
406,835,1
133,651,1
332,933,1
1244,388,1
247,499,1
164,830,1
1380,863,1
245,993,1
858,1067,1
349,53,1
353,1131,1
1282,574,1
33,229,1
484,1157,1
698,614,1
1056,448,1
1203,128,1
734,393,1
1205,147,1
901,733,1
70,468,1
728,1176,1
180,249,1
741,499,1
711,266,1
418,200,1
834,400,1
475,536,1
217,652,1
853,1040,1
440,349,1
117,437,1
766,1014,1
57,391,1
210,830,1
146,614,1
1156,634,1
123,708,1
696,24,1
238,578,1
682,299,1
768,815,1
348,671,1
440,920,1
376,270,1
445,973,1
383,854,1
1288,598,1
1323,415,1
600,272,1
224,615,1
690,1156,1
352,74,1
597,1075,1
700,1091,1
1070,1187,1
477,50,1
1301,648,1
1118,947,1
1212,193,1
330,1106,1
1211,181,1
1181,2,1
219,936,1
883,917,1
635,1124,1
505,273,1
769,189,1
127,237,1
1452,1016,1
1426,969,1
330,303,1
942,578,1
1100,926,1
1019,247,1
320,1056,1
430,649,1
325,417,1
1301,647,1
242,136,1
930,471,1
10,81,1
262,1015,1
219,765,1
246,578,1
1170,30,1
1303,659,1
90,9,1
445,765,1
317,1088,1
149,195,1
127,168,1
395,1133,1
323,530,1
203,918,1
1121,1146,1
394,488,1
1457,243,1
131,499,1
360,413,1
1117,132,1
1297,633,1
62,321,1
1018,582,1
588,506,1
127,722,1
680,203,1
1249,405,1
55,381,1
301,605,1
723,874,1
127,527,1
1042,1134,1
803,118,1
551,503,1
622,319,1
1503,1096,1
254,406,1
923,355,1
206,798,1
425,599,1
193,119,1
957,441,1
822,824,1
672,682,1
169,455,1
1079,779,1
365,876,1
457,463,1
476,348,1
126,719,1
606,308,1
720,1195,1
1470,1056,1
896,30,1
494,513,1
1503,1093,1
310,1084,1
607,1005,1
188,881,1
1449,1001,1
1218,228,1
1340,780,1
466,473,1
1406,924,1
1177,1146,1
57,389,1
977,885,1
84,531,1
1511,1111,1
134,287,1
